# Label,  Recall,  Precision
1.000000,0.984127,1.000000
2.000000,1.000000,0.984375
